"dialect","type","version","file","sha256"
"h2","java","51","V51__fix_project_unique_with_deleted_flag.java","DF3469DC268725426D223E85D1B5EFE4A0B07410E8BE87F13C2B6868777898FF"
"h2","java","58","V58__fix_cost_subject_unique_with_deleted_flag.java","48F3A09426FB4800F23120837918D0815CA6C84F44D0232940CDECEBCA138CF6"
"h2","java","75","V75__soft_delete_safe_unique_constraints.java","D67CA062FF69A562B9D8FA1949E779E89216615278C8F8DF08CDFFBEBF0F5883"
"h2","java","83","V83__repair_h2_anonymous_soft_delete_unique_constraints.java","8526601C90B6729ED17E4C75C0C6416E80D251A8417037A36C5122AD5AA61E0B"
"h2","java","88","V88__h2_soft_delete_token_unique.java","B96F766B920B632D638C7966421D9E36C2A9E196ADBA10508F29DB5957DCD1AC"
"h2","java","131","V131__fix_mat_stock_active_unique_constraint.java","3BEF7B7FD1C29FACA1F8389532B71CAFC967CD5F63E8B0676D3502EA6AE2E2F7"
"h2","java","195","V195__repair_active_soft_delete_uniqueness.java","6E4E0C33F52B018290B9F4F861E842522B28BE717CB557F4DC8DF15B56F362B9"
"h2","java","196","V196__normalize_cost_item_idempotency.java","E2631546C680E92A4E7D38BF105373E42A68B469F6A068AAD9B89605C6B0A944"
"h2","java","197","V197__enforce_rbac_tenant_integrity.java","4B61CA27DB2B66805FB6C259602AE8391492783F60A11C0461DFBCADCADFA6DA"
"h2","sql","1","V1__init_system_tables.sql","0BDAED076AA9DE6F41B79CA76B1E42C22E922A626B45A0C9B2B0F93745FD27EF"
"h2","sql","2","V2__init_project_partner_contract.sql","2E54A2CEFB3756A113499B5AA0EA2CE706AF3CF301C2CE8A442D93DB448D9591"
"h2","sql","3","V3__init_workflow_tables.sql","CBECD7A5B39602815BB43FD7D475B840EDC32350E855E614CEA4777B20AB6395"
"h2","sql","4","V4__init_cost_payment_tables.sql","39D2BD69BCA726F8D9909D90ADD2994DCCDB674DCC59840849D79D35D86437DD"
"h2","sql","5","V5__init_dict_data.sql","750229ABE13BD198F096F035C69139BDD20D0284877249A31D08524CF5535422"
"h2","sql","6","V6__init_demo_data.sql","851CFAB8E305D996506BB6B38F1550B1F981DD385DDD48B2A22118A837A7C496"
"h2","sql","7","V7__init_file_tables.sql","38DC24C590F3C77F7C605415AFD8B5BEA17D1CB24AC05C2145E919A1F0F915E4"
"h2","sql","8","V8__add_missing_indexes.sql","A33078F08CD06C561154C00F43411A3563FA71E14A9D723A3772E1A77ECD11DC"
"h2","sql","9","V9__init_contract_approval_template.sql","3E7D7A6B1A364E433D5FCA566AD75F75E39E9A5964742DAB4D1497BA5A6F9AF9"
"h2","sql","10","V10__add_missing_audit_columns.sql","A4D652176D8A19D8E2D47E25DA56B9EE60DE19196927E1FEAE198F1A77AB15C4"
"h2","sql","11","V11__fix_sys_menu_audit_columns.sql","8AB4D0B83C7E8518D396AB54654A85B50CC41EC505217437F1D42CB7A6A292EF"
"h2","sql","12","V12__init_phase2_tables.sql","745A283ADDA757BBF215F69B16F07EE35D940B8246FE65ECFE3F6C071A52258D"
"h2","sql","13","V13__init_purchase_approval_template.sql","86A240AD33448388415AA31745A3E965929B505A6E58A24A8414D0088F97268C"
"h2","sql","14","V14__init_material_receipt_approval_template.sql","FD0D86052F530906860B22F3AE869C41E3199BA8AF0F88CD2DA7F898504E7CE8"
"h2","sql","15","V15__init_sub_measure_approval_template.sql","3717C6C4916CF89B2B757F6C5AB9E0C2460759B145C08B856A0F2F61AFB324FF"
"h2","sql","16","V16__init_payment_approval_template.sql","28C72F6799891F365A80508318C5632AA57F15EE19C2E6BEE1167A273C36B8D1"
"h2","sql","17","V17__init_variation_approval_template.sql","15BF944C1AF9813208D2E706309E8EA46A96F0AE5A90938F4EFEA3D25FD40BAF"
"h2","sql","18","V18__add_contract_paid_amount.sql","65C735088738CED475C6E89BBF77162197C0B83CDBC57545DCAC66B55A159CD2"
"h2","sql","19","V19__add_remark_to_pay_application.sql","8B94261554D1A6E890CA9ABEA26E54C195C0BB1CBC8F5F6FDF1DF9B7585C6AB5"
"h2","sql","20","V20__add_contract_cost_generated_flag.sql","F80A66BEDA1328ABA1FCF94F1E2390E2FEFAC895633EB2F0B7DDD7B2B6A97475"
"h2","sql","21","V21__add_cost_subject_audit_columns.sql","2ADEE309D73BF93668451B88231346A25761A1A3362E4B7F47B38DA1E13516B0"
"h2","sql","22","V22__init_cost_target_tables.sql","FA6A227C06063916A5DEBA6F4B8849A0DE1E073940176A6EB5896F2208D8011A"
"h2","sql","23","V23__init_contract_change_table.sql","92112AFDE81C2BCFA0AD26323864960364F00D16CB38E30D2CCE8AF259EECE48"
"h2","sql","24","V24__enhance_settlement_alert_summary.sql","CC702898453AEDDBC32FAFF456DEB8EF0A1B374EE5C9DA19AD1281BD20CD1B4C"
"h2","sql","25","V25__backfill_cost_subject_id.sql","3A942A8910666CA2A427EC23775465BA864E94CC23BF5B00C4BF839B54A38249"
"h2","sql","26","V26__add_cost_target_id_to_cost_summary.sql","9037B493B7140A9415CF77C2B1246F6ADA917300C69E81758F912030B82D6E45"
"h2","sql","27","V27__fix_dynamic_cost_formula_backfill.sql","D327D9B31E6DD04553F1045C9B9AE26C106A29A4C6179A93A7FEA4E28EB01B37"
"h2","sql","28","V28__init_contract_change_approval_template.sql","E57AB9C17D2BCC2C0BB49E3331D38C2A0B75BBEB9EAF93B55D089B5FDAA17CB1"
"h2","sql","29","V29__init_settlement_approval_template.sql","195112BFC94A73A7D5FE6131313CF3F35467A9EF2A5247BAE363D52818480C09"
"h2","sql","30","V30__init_cost_target_approval_template.sql","D0DC841C8041AC2BA7196738A4C4D9BCE26DB92B1AD9FC9A13350B9052C54D18"
"h2","sql","31","V31__fix_business_summary_json_type.sql","85588A2B67A5A27032603693A3EFDD8D1A3A3E6950751B1D75B6778D95A4F031"
"h2","sql","32","V32__add_submit_permissions.sql","1ED9274B0B0F63544AC6B3225D9D01E9C3C0B0D599E1CAB5684B0978E560ACD3"
"h2","sql","33","V33__init_org_tables.sql","AA5AA05E8CFC71BD52A589DAF6B02F57D6F96EDBBE3DE45C8A66AEE7F42CEE2B"
"h2","sql","34","V34__add_project_member_and_user_org.sql","5F2D17CB8687ACBE9B5D48EEF8B419A8F34D2CAF0E985BC908BBD65B016972AA"
"h2","sql","35","V35__init_inventory_tables.sql","84EA5943773C7767122B4A377363EFA1AF2CC029DD60C233CE34B8222205C770"
"h2","sql","36","V36__init_invoice_table.sql","0786DBE4019B9F2FEB02EACCBD20D956993AC24C2B5F5F1B725C93A7D05D4E4C"
"h2","sql","37","V37__init_notification_table.sql","190F31D7C27460E2598DF43E40263C3CB11498FF17965ECF76A85C050B6FD55E"
"h2","sql","38","V38__init_workflow_cc_table.sql","214E90D2361003ED223AB658FEE8CAF76C552EE5CC8CFA18B4139CD32E8FD560"
"h2","sql","39","V39__init_phase4_menu_perms.sql","8FC2A8ACEE00DC73D55D83DDAFEE97C5AB7AD703C7001BE30B7C543A7F1D6E20"
"h2","sql","40","V40__fix_phase4_permission_codes.sql","724C28B3A188B773A7B3E6368AA0E986EAB140476F952DB2D24BB12AA38B5151"
"h2","sql","41","V41__fix_legacy_permission_codes.sql","11565A27F5A9040D3BEB9DFDB554787543911773C12E796B20E7E31FADEBB84C"
"h2","sql","42","V42__seed_material_warehouse_cost_subject.sql","5B1F5E31405F100B3B00B720BD05A69CDB85FE0482BB6E3AEDE1FF66A5E30BC4"
"h2","sql","43","V43__add_alert_contract_id.sql","5E0393EA4E17E9E0D8376709FDE1EF92DB233B268DFD0186BE57D04608317003"
"h2","sql","44","V44__add_workflow_action_permissions.sql","65A084C95A09FAFEB2189798FB7DA264A9966ED4C67F3BF01FE450DA46CFD737"
"h2","sql","45","V45__unify_audit_columns.sql","2A53F7BB5B533AB5E522DEFBA5CA9990EB553FE2E388325ED2E32EC5666F7504"
"h2","sql","46","V46__add_purchase_item_material_index.sql","673D09E7B8B800AADF8556DBB6FCA6271EB9886CBFE69905C6D827F36AA458B7"
"h2","sql","47","V47__add_user_preference.sql","6968802045CEE0B2B7A836CA53978394481BD31430628282DF7694F0E5F33DA2"
"h2","sql","48","V48__add_invoice_seller_buyer.sql","05CD25C27C82E21D20E138F63DAF2EB0DFAF5555211E27A4629C614D3D3DFDED"
"h2","sql","49","V49__add_seller_tax_no.sql","4BF2C671618E5D9DA5CE200068D8885F6375DE6D0FB80868DEA5ED4D72FA0DCE"
"h2","sql","50","V50__fix_invoice_unique_with_deleted_flag.sql","D263B5EDD760D6548FF5911CFE3EA4E57ACA0C34E9EEF8E8389BFA666719E5BC"
"h2","sql","52","V52__add_settlement_contract_unique.sql","F780ED678DBB6B9763783A82A3D267D28BBB541CDDA7881E89298E8DB377B924"
"h2","sql","53","V53__fix_seed_role_permissions.sql","BFC43FAA635601CD7B52272FDEADFC8EA4904E2CC9945045BCD906FB24DB74DB"
"h2","sql","54","V54__refactor_contract_party_fields.sql","45CE8119C921839D098249CC84E960AA51B422226F945B4B562D478B59AD2F76"
"h2","sql","55","V55__seed_partner_cost_subject_dict.sql","1A6D34B519F6CBC3C95A2A1B3BBB752E379450956AEB078916B382DF184A6DBC"
"h2","sql","56","V56__seed_contract_approval_template.sql","849871E49C959EE90F349588FE6D0BB3FF2159524787770A0340B528199AC7F7"
"h2","sql","57","V57__normalize_contract_approval_template.sql","2A60C7AD817891FD0E3F64A46795623EC7943AE315B101D4F0EFF21F37C4E0AE"
"h2","sql","59","V59__repair_variation_approval_template.sql","C0F3A0F0B58BE0F5C13F1A5C72606CAAFC673D06443427D7BCCF4B62831D1615"
"h2","sql","60","V60__reorganize_navigation_menu.sql","426FC69BCE1601F1BE45D763F659A2DD8AD3022101140C7FEE0D5E1075441834"
"h2","sql","61","V61__add_company_id_to_org_position.sql","910B6D1EC7867FDCF56D8B8DCD1BA6DA53DBE2DDDBBB337F9077A933DADA69CA"
"h2","sql","62","V62__add_department_id_to_org_position.sql","BCC833E145CDA26689FD2FC4DDEDDD42C68E0C5F94F37E79AA02758827766ED6"
"h2","sql","63","V63__seed_purchase_order_template.sql","80E78CCF92939576A55E3F5FCE18575106D1F8751732A41A48F61B3313C7588A"
"h2","sql","64","V64__seed_material_receipt_template.sql","B1AFBC801931BAF0BE041975D9E1326FAD7C713ED82F82BCFE2F33515762C56D"
"h2","sql","65","V65__seed_sub_measure_template.sql","D36E49B9EE8F2F5EF742FA3FE4A59F830C85ABAEF65BFF8FA8FFB9012EF4AE7F"
"h2","sql","66","V66__seed_payment_template.sql","0FDB0A2AD23BCB97835D98B16BF67DE30CFF2391A68005D33CDCA62AF3BE68E6"
"h2","sql","67","V67__seed_contract_change_template.sql","C71199A1D8061BFE73CC524102B122F8769B0F1BA4E8AFF08122900272C2A73C"
"h2","sql","68","V68__seed_settlement_template.sql","7B60F22B8AF170C99221ADC46D73E70B543B2B436AC3BA1F9600427D4DCCB85F"
"h2","sql","69","V69__seed_cost_target_template.sql","2297DFE981588A00142F442B7C12CD16564545470740F5C8B23833BCB9C86153"
"h2","sql","70","V70__seed_purchase_request_template.sql","8C02C76C518685B1751337BA7FEE760BF2A7AF4B0ADE8E1FC36E74DA96185AD7"
"h2","sql","71","V71__repair_missing_approval_templates.sql","E8ADE623860A0A78A5A9203D88FFD72E653AA787671A3DEE29414369C6DF6486"
"h2","sql","72","V72__add_contract_id_to_purchase_request.sql","043DCE78E73963DDAAE37ECE01E1E1C921E1F9F788286A1BA09102BC82B460CB"
"h2","sql","73","V73__drop_contract_warranty_columns.sql","6EB5579A8DEEB742E2FECA6F518B732B3231B7DEA30E6D28C8F0A62ABD2E20A8"
"h2","sql","74","V74__add_pay_record_external_txn_no.sql","7E664EABF7E2F546DA554E140EFBCED87DB1BF82B4C51BBA92A193210D8C7D75"
"h2","sql","76","V76__fix_pay_record_external_txn_no_unique.sql","DC043D32E3202869FFC296A6EEBE9BDFE0F355679630E79EE491F925188481F4"
"h2","sql","77","V77__extend_cost_subject_add_account_category.sql","D103CB186837B6203626B374DDB0AD1F53200441AA4F8EA01237C6340E4B4DB4"
"h2","sql","78","V78__seed_standard_cost_revenue_subjects.sql","C954B0D54D49C3853D7AB87E8EC201284D96D1768CF3FDCCC3B2DCE85B02A28D"
"h2","sql","79","V79__init_contract_revenue.sql","BDFF2B3E0CDDD99172A1A58C7146BA3A84B0CD95A88C466DC87B7298282F4171"
"h2","sql","80","V80__init_bid_cost_and_overhead.sql","E0C3E5DDADFBDA3006DE774B7D79C26709AFC444773ADEE050C34B28003AAFAB"
"h2","sql","81","V81__init_accounting_entry.sql","93FF8606AFF570BDFEA61310F7A0836A6C379001094FABB17F320D246C683E5C"
"h2","sql","82","V82__fix_mat_stock_unique_with_deleted_flag.sql","B514CF1B2D192DB022EB88023D6FA522CCFE00E4C2051B73FAECBD6621848748"
"h2","sql","84","V84__add_role_level.sql","6520F089A12A994DD208F0D5B58B48B6F0CFDD988702DEB5BADE841492723441"
"h2","sql","85","V85__remove_default_admin.sql","F6F91CE1F64A6FC6D306F322EB2A910E96B9A8E5470814AE3D020DA09F075B9B"
"h2","sql","86","V86__fix_dict_status_consistent.sql","8854B8D924FDAA160D08B534F7CBDA33D60BA4F7288DC663E3DD49130384FD53"
"h2","sql","87","V87__accounting_entry_constraints.sql","A74F3DE646CCEA704EA5897356D3B786F17EE6C281177B93A7821EF4B49BD3FE"
"h2","sql","90","V90__h2_integration_test_seed_data.sql","4242D6197E6D13517DEC7C0887D66C69957CA5613285A695DD11FEF3A849EFC0"
"h2","sql","91","V91__create_operation_audit_log.sql","659EBE1342BDA8725C25F8ACA246FB6F0F9A29390B6B7FE2CCF68B0C652ABF54"
"h2","sql","92","V92__backfill_contract_revenue_subject_600101.sql","B83D3CF5B7A3465A1222E2A53E466962136911DDEB5A7B13C51F0382A164E40E"
"h2","sql","93","V93__add_sub_task_id_to_sub_measure.sql","2FA4267CF554FE79096AFBC4EBC6BCE4E469C6C90ADED944E9B6FA2A0937C9D3"
"h2","sql","94","V94__create_mat_requisition.sql","B742D7C483B8E767E047DA5A833B53EDD5F1C436C81F679C05143CEE4F3AF09E"
"h2","sql","95","V95__move_approval_process_to_data_center.sql","FF67A2E714E6D0C206B2427246AD3BB27B77FA3DCF3AA30EEF213CDEFE98C1A3"
"h2","sql","96","V96__add_phase2_dashboard_permissions.sql","2CF3ECFA9F2CC0A6AD5C9C5D8E1069B440D4D48A74362EEB58CA6BCE836DED3D"
"h2","sql","97","V97__seed_phase2_dashboard_roles.sql","ABE777C7B1BC3A5ED8ADC2E37E0E78EE156896A099D3FC19C211636AEB78EB9A"
"h2","sql","98","V98__seed_dashboard_phase2_demo_data.sql","CE6B9A995ECFCBD35D57E907296A82A09BE39DAD60A98AF8876F2733722DB3F4"
"h2","sql","99","V99__init_chief_engineer_tech_domain.sql","7FEA91CD4EAFC109F06E40AE542EC3CF1168CCA4C153A38EEAFE10D5FDC52823"
"h2","sql","100","V100__seed_chief_engineer_demo_data.sql","6C3E5B7E5CE600850AB54C59463FAA225F013C1C093A971127818DFBB3447E48"
"h2","sql","101","V101__seed_purchase_dashboard_multi_row_demo_data.sql","46E57C47DC99623D4D82A1896CC4CD0CCE79CE35AE3D547474B2208A3612F8B7"
"h2","sql","102","V102__seed_project_manager_dashboard_demo_data.sql","33530F938A4FDAA246BC2D2BED9E6B2181E0CFF72F9C98A04FA5C3FCD3E48D15"
"h2","sql","103","V103__seed_chief_engineer_today_due_demo_data.sql","3D19E9AFD41FD584A59931EAE4345B115576928DF634039C6FA937FEC449D1FC"
"h2","sql","104","V104__seed_purchase_orders_overflow_demo_data.sql","502F139794316DE54C67A361585D962BE6FAD7145AB1970F98850F667815C6A1"
"h2","sql","105","V105__seed_dashboard_realistic_demo_distribution.sql","2E500D040A88AFF6459AA4B2721E6E6DA652E8A99E97526E8A28727B16D2A7C6"
"h2","sql","106","V106__seed_approval_workflow_closure_demo_data.sql","26E97622566D35159659138E8E01C09F60BC1E1890C0CA863CA26C7152A96476"
"h2","sql","107","V107__seed_approval_workflow_reject_demo_data.sql","F8B54C9D62BF234A4B1C78DDE69A520E5A929118CF467433698A73F84A1CCAEF"
"h2","sql","108","V108__seed_workflow_mine_enhancement_demo_data.sql","72B2C4F72AE5E661F3B43E854C2D76305480023057C59FE22B835D86E1CD4EA4"
"h2","sql","109","V109__seed_workflow_cc_demo_data.sql","77793212490BB68210F6676FA14CBC0D5DFD9A512AE1D3721F4CE0A3652E1B74"
"h2","sql","110","V110__seed_approval_permission_matrix_demo_accounts.sql","5060E8D4056AD047B4FAA975D9A5817F3278275E33767CC1DE8DD9A99C6973AB"
"h2","sql","111","V111__repair_approval_permission_matrix_workflow_only_samples.sql","D45A38CDBC64CBA788453027D01D9EA4E085474F88A62874D3A62164E0F80238"
"h2","sql","112","V112__create_role_menu_audit_snapshot.sql","6EF63BBCE3D0608B772342024C2D878F6BF3EA3722C4154BDC42D876C216BD8B"
"h2","sql","113","V113__clear_notification_list_legacy_perm.sql","E33E8A3A80A9FC00AB0BF34D7FA7662876834AFD548DFC82048A2AE9E1DFCA76"
"h2","sql","114","V114__clear_partner_list_legacy_perm.sql","4CF6120FEAD184C7D719EEAE99D907B73377A0EBDCEAFF0173B8B759D4723541"
"h2","sql","115","V115__clear_contract_list_legacy_perm.sql","69984BA7B97998FBD3E10EF1AFC9F56A0F7ACFE01009728247AC51D293C3BFAC"
"h2","sql","116","V116__add_audit_recommended_indexes.sql","787F96628B92EDC57475B0E35D5A6EFE5BDB3274F667BA7BCC943DB45AC7E18F"
"h2","sql","117","V117__add_purchase_order_item_optimistic_lock.sql","E8A8971EF6DAC4C11200EA1659B95447923BC29E7A7EF35FD5DFD2443AE112D4"
"h2","sql","118","V118__add_alert_domain_source_fields.sql","FF1030556750B873180EA2E954B3D7F03A7C6E710E5F46D54FFCDE2823D0F0E1"
"h2","sql","119","V119__backfill_alert_domain.sql","9A73BFAE20EF023472D4C3D7C4889E75EA0D0B5122B3B4F0699F1826CF2C5D04"
"h2","sql","120","V120__seed_alert_center_demo_accounts.sql","4797A29C6A012504B4474A200589489987E3FF4220827FE7DDB76154F3C0760E"
"h2","sql","121","V121__alert_rule_governance.sql","279452D3E4C216066796D513CC95441922A3014542AA54E4C5D1273709325D22"
"h2","sql","122","V122__create_alert_notification_send_record.sql","738D635A3090D0A62E0EB0A1C4E54535CC44E70011817C202227CF7FF83FB87B"
"h2","sql","123","V123__grant_project_manager_alert_list_menu.sql","B5235691C8ADA9252890C07F2BE8C9FF60E1886612F76993ABDCC8295CA0498B"
"h2","sql","124","V124__add_version_to_ct_contract.sql","2BABE48FD6D57EA28E7BD7F2A89BB9750BE4A5AB49984777009634E9366DFEAB"
"h2","sql","125","V125__add_missing_dict_types.sql","D6ED6717E19F1613D95D507DAF0F270F3CB4CDD82E6F307DC3E7A02229B13EC1"
"h2","sql","126","V126__repair_sub_measure_approval_template_project_role.sql","446D0E72EDD694040CF91A0786FA08FEB71AD850A56921F8C89A85E39249E385"
"h2","sql","127","V127__seed_material_requisition_template.sql","8C1E38EB6A440B8FA4717A5DA94735529D995E063515223656168AF142705960"
"h2","sql","128","V128__p01_minimal_permission_fix_pack.sql","666B6E54F3E8FCE9FB2169F85FC69207ED2B48530EA4ACBF77CB7BEAB66C880E"
"h2","sql","129","V129__clear_high_risk_db_only_permissions.sql","5D85168973BE076399CCBF8C99661A43D7EADC2F02B2151F667246F5121C823A"
"h2","sql","130","V130__add_purchase_request_code_unique.sql","5669948AEBE5F2AF33C0BDE1171344AB3174F0DE682607BF57267332338DCA67"
"h2","sql","132","V132__seed_project_type_and_purchase_request_status.sql","1709E0E4BA03F37D01AC778F40737D46DE74E9DBF27DEF1877A1E7BD654BE320"
"h2","sql","133","V133__register_requisition_add_permission.sql","488FD2458515FF70C1F30FF64FE02938EB5BB8885A09C9E4D6A85725B3FE63BE"
"h2","sql","134","V134__seed_material_requisition_cost_ledger_demo.sql","23D3988A7885C76FFF1063A30AB34C4DC0EFCEDC10EA8782329F0D47B362216A"
"h2","sql","135","V135__fix_finance_readonly_payment_settlement_permissions.sql","1195FAD7C36E96CEC50BF582A1F10E50F22EEA7DD55742EE299B5E9A964ED7BB"
"h2","sql","136","V136__add_cash_journal_and_closure_alert.sql","BCA07EF3FC26AD2661F3DF85600F03D871AB061CEA8FE56FF2F2250A35293269"
"h2","sql","137","V137__grant_purchase_manager_replenishment_permissions.sql","AE2A96B8D8F016C40CE66C143005E952908D38299B412CF9010B46E701F1AAA1"
"h2","sql","138","V138__grant_purchase_manager_replenishment_reference_permissions.sql","10A590B9889A95B309F0D1B0DF1C1E10706AD1F0D6F3BED0F1F134222948F7DC"
"h2","sql","139","V139__grant_purchase_manager_purchase_request_read_permissions.sql","1E7536E198A41137FAC74EA516CFBEA3A60B2FDF1602A664157BA58A406A84B8"
"h2","sql","140","V140__add_sub_task_predecessor.sql","AD0BEC44BAEFC9CFCD74A2CD3F30B2377139CA841EA0F8460EA7D5EAF85CBA8A"
"h2","sql","141","V141__create_site_daily_log.sql","A2246EEE09E13D71EBFF9A28DF9ECDC4253EB04F264DF66C7CB93D7798BAB4FF"
"h2","sql","142","V142__add_stock_safety_threshold.sql","282A603B35E2607BADD6397F91722067D647E9CCBA1D0974CC1A4D658657CDA6"
"h2","sql","143","V143__add_site_daily_weather_headcount.sql","B77F73BE6C6FE1EAD2F7366BA87494A8AB403D8422F524403EFC073A4CB68D64"
"h2","sql","144","V144__add_stock_replenishment_target.sql","B90E175DCE9A1682B84FD5E4F7B13010762549147A29BC20FD2F5ADE5CA13199"
"h2","sql","145","V145__add_stock_replenishment_lead_days.sql","C7E1EB0743C7A6A6A930188FBB28E1E2D0980C9A7F7B949E7673B1132FF9E8AE"
"h2","sql","146","V146__split_alert_evaluate_permission.sql","97BCEF89A23F8CE5520DACDD65D895D1D6E75003FA73BF3CEE71BD7B7F417C33"
"h2","sql","147","V147__add_file_virus_scan_status.sql","926E127899FE58BB335287F97546E3751217114D207953272517187FEAC15519"
"h2","sql","148","V148__add_accounting_entry_menu.sql","1B6E3B7DCF741EF451DDA71A8C3CF7E3001C12B729647D66F1E0463D6AAB0559"
"h2","sql","149","V149__create_overhead_allocation_run.sql","375B2B60C6EEE1430C2D9F5A16BDF7324881E8E38C6827FADE8AD95209CB753E"
"h2","sql","150","V150__add_bid_cost_query_menu.sql","1AD61079D2A1ADB5EA752BAA977194098572F92FB1EFF989CEC39A268ACF584D"
"h2","sql","151","V151__add_bid_cost_create_permission.sql","DD85CA364DCA15290B97CD528F104F513B6E68763D9DB4E49A063FE2A2428D93"
"h2","sql","152","V152__add_bid_cost_edit_permission.sql","FDFE4852460659CF01E0D9DB0A1A7D51CDDDC94130F68C38659D16E4252C890E"
"h2","sql","153","V153__add_bid_cost_delete_permission.sql","23A24117329DD6D97F997AE1BE2BA2A3179BDF29612D03E41D66322A81F6869C"
"h2","sql","154","V154__add_bid_cost_status_permission.sql","4FDBD938AF7757C694783D4649AD6AB29E239E03AD7B5FE47D02085320714A42"
"h2","sql","155","V155__add_partner_default_lead_days.sql","F3864CF78F152C0994DE0CBC7ADC17082D5492374525CC287DF873EEB7EF6089"
"h2","sql","156","V156__version_settlement_amount_formula.sql","EFC716D72D0CCECF4A35906FDEF0B177134DF0BF5079EA75058E29790B58FE07"
"h2","sql","157","V157__create_project_budget_core.sql","E48896CC7B5B95BAC8520F492EAD83687AFFFE9F2EEB7785C05F4130461AA20F"
"h2","sql","158","V158__seed_project_budget_workflow_permissions.sql","12A05A1389BE6966BCAB486F69F3A8956860E824E7D32E8E2EFFB9407FCA48C6"
"h2","sql","159","V159__create_expense_and_payment_source.sql","0FD036257078E157923F8D768B7F39080EB9432599262816C27D9D58CE6F9106"
"h2","sql","160","V160__seed_expense_workflow_permissions.sql","959F4908D4B5F2178EEE611B3A164A04DAA76BFCB5ED3D361183B61E43E43A6E"
"h2","sql","161","V161__version_payment_application_integrity.sql","E1F90F87843D30119BBAF59341FC4890297CF5D6346B8BDA35DD7F5B59CCE55A"
"h2","sql","162","V162__enhance_payment_fact_and_cash_trace.sql","9C28F243A7EFB3B722DB7E20CC3F0ECE6CF9AE022578526770644AA794892A2E"
"h2","sql","163","V163__invoice_allocation_and_document_type.sql","861A4B6C0A67CD4AFE62BD037923B877EEBD6EEA5C7D99004281B06AF099D193"
"h2","sql","164","V164__payment_accounting_entry_trace.sql","D5F192E3EA8DD7AD56760E626647D3729DA38E9F2068FA325F5C7FDA79D9A229"
"h2","sql","165","V165__seed_payment_trace_permission.sql","75767687BA136615A28E744FACC924D153AE0F9D747B28FCD888394FF3DA643F"
"h2","sql","166","V166__enforce_payment_chain_foreign_keys.sql","EC3E9F7ABBAD52A3186E9C550F40DA41220A3B9D9E13040ABECA090CA935932D"
"h2","sql","167","V167__prevent_cross_domain_business_matter_duplicates.sql","AB352A523BB4512E5DAFA95332EC2045C06A73440720060EA3697407355F3221"
"h2","sql","168","V168__finance_operations_p1.sql","FEFE07DCF9700FC28D461FAB009E9C2AEC72FEB9E5DF87A64D3E2AD85FE9B1C1"
"h2","sql","169","V169__finance_analytics_p2.sql","4943E2C2D2ECF5265268E35B38DAF4194F49986082EA4B3A50F43EC6776FA2A2"
"h2","sql","170","V170__finance_integration_p3.sql","4B9B4AE3E530517906E68C07C39AC83404B5C15104929CDD60EC964B46EA4EA9"
"h2","sql","171","V171__revenue_collection_closed_loop_core.sql","32284A1F1C53B41FBCDFF4BEF56B8835EE25299C8E59238EE36D79D8A23DC16B"
"h2","sql","172","V172__revenue_collection_operations_p1.sql","E2939F7DD0E42E54EDE5698C7D1B5E37F188A348F2A749A3AB06FC8F742FEBB7"
"h2","sql","173","V173__revenue_collection_analytics_p2.sql","56D6966E13F2701B99CDA2570499938235599B05C7F2F2037355B62C220483A5"
"h2","sql","174","V174__revenue_collection_integration_p3.sql","BC2060B9747F59D906382DBAB7B02F7C0FB7CBC2423BA1109C725DB3B03E4418"
"h2","sql","175","V175__production_measurement_owner_settlement_core.sql","41207F7AFB9BF056895672FAA4A0B533A75A28F7FEBDC9D2AD4506562FBE4454"
"h2","sql","176","V176__link_purchase_order_item_to_request_item.sql","812CF66CB5F2C1BA51D434C2DF8C342F489A3E9DD7B9A595EB5B6CE311E4F179"
"h2","sql","177","V177__add_stock_transaction_source_line.sql","9E23A0B41ABD8E5A28E85A2B5CA8EDFAB96EC36B9DBB1472468116451BE993BF"
"h2","sql","178","V178__add_requisition_stock_out_audit.sql","AC3943D9DE76512C0245C74FB76B64AA76425B9BD0BD5E7D8C8DC764647BAE1E"
"h2","sql","179","V179__add_inventory_valuation_and_receipt_mode.sql","BBF65066AF9CAA8872809B58D14766FE9F08FD7B8D93A33B3DECEAF3D6218C2A"
"h2","sql","180","V180__create_material_return_tables.sql","E5A895A36CE59FFC7421906D95C1533317129294DCA45CA2B815F586B96B7DAE"
"h2","sql","181","V181__procurement_integrity_and_commercial_terms.sql","69EBCD25A744CA96B10E52F70265F9AC7CADFE034C8449D8F398661FD29C2C35"
"h2","sql","183","V183__seed_procurement_return_permissions.sql","B89FD044B6E661B0BDA4841257B81D61AEF3AC9366A210E5457F30B14A3F4D9F"
"h2","sql","184","V184__subcontract_performance_settlement_payment_closed_loop.sql","357D455795703BEAE347F3E92DDA691876926E883F9AC05AED80ECE0B15E6F44"
"h2","sql","185","V185__project_schedule_performance_closed_loop.sql","A13A42565D9151AD78680EB4F37B7D4E5A4125CCFF72EDAFA023B9B0C60EEEB7"
"h2","sql","186","V186__variation_claim_closed_loop.sql","1942580BB24EB9028C1A30EA1C2BE6FB8F99146C67BFFDD68A04BEC958244830"
"h2","sql","187","V187__target_cost_dynamic_profit_closed_loop.sql","9CEA1624B7360BCE3D1267461C7315D230E67883D530CF0EFDDC303595E215BB"
"h2","sql","188","V188__quality_safety_rectification_closed_loop.sql","3D5D2E60FAAA6372A215F5562D881FE284B89D2C5C7516131D18360F6E14CCC4"
"h2","sql","189","V189__supplier_sourcing_performance_closed_loop.sql","0E6FB651705852D31E384AFDA67F5043F4A173303EDA9E7D738978B4500D1AFE"
"h2","sql","190","V190__drawing_rfi_technical_scheme_closed_loop.sql","60C15BCF635155E208EB21FA2C1FC4868582449E6089F6724468FAFABD6A349F"
"h2","sql","191","V191__project_completion_closeout_closed_loop.sql","CF122C5D77EA579ED01627B7BB9FFB97B2B8D1C62854FB0D5344DC62A30DEB31"
"h2","sql","192","V192__financial_accounting_month_end_closed_loop.sql","5286999520DFB518CE43F65C303453DFA3305C1CE061115722FB2A99DDA065E6"
"h2","sql","193","V193__project_cash_forecast_closed_loop.sql","ACAA0BD0795B4BF36911EEA2AF3615DB145E7740EDCB96016C3410CCFBC2CB74"
"h2","sql","194","V194__alert_notification_closed_loop.sql","1CDFD52A14D831A428BEAE1159B02A6A729237796D721403F0F110268564C0C9"
"h2","sql","198","V198__enforce_material_return_integrity.sql","FD2B0506069BDB8AF0B4CFEBA645A1EB5604986BECAFFF44C22F74947DDB4444"
"h2","sql","199","V199__add_material_return_reversal.sql","9941D9F86BF69425A08148F59F1C6062326CF94AD65D20B285CF75FB09C29192"
"h2","sql","200","V200__close_procurement_quality_return_loop.sql","D3EC56C17C88C3490AAEBD5CBAAEF8BE12E7E5528DA4D1C7F22F80D6615AE339"
"h2","sql","201","V201__close_bank_receipt_collection_loop.sql","35B2CC08C4D535AB4B2AB9B1FE8FC3AB0106F2FA64EB6A291D72F8FFC06DE18B"
"h2","sql","202","V202__make_approval_routing_authoritative.sql","CFCECE5ABA6036EF411790B1E6A4509CA483DE33C03369769E2CB7C9FE406216"
"h2","sql","203","V203__add_explicit_user_position_relation.sql","43C41FB560307AC18CA3D0A2C0D1412AF496F8CFCD1C3DBC81349825DA325BB4"
"h2","sql","204","V204__close_project_approval_loop.sql","3B5EAEBA98D014BD17F6FF8D51B05EC86F366FDE10B192ADA2B7CED36AD68175"
"h2","sql","205","V205__retire_duplicate_states_and_add_material_category.sql","043A4ED632DC0AC254A6E15416310929CF9E89F91F5FA4C2A1DE93B2EE0089D7"
"h2","sql","206","V206__validate_json_payloads.sql","94F89D64DD7058461645A7DA27E6826ED433498E27D92BA50495B2DD3FB777CC"
"h2","sql","207","V207__add_type_registry_and_shared_observability_views.sql","85F1A303FDC1950CBDE5809E1750E52815162C3D833A777E52A0802BFFD5CE49"
"h2","sql","208","V208__unify_finance_alert_authority.sql","26EE72AECD4F78E33BF2D9284076BFB60D4928C9A44AAA44892BCF58B96B36F2"
"h2","sql","209","V209__backfill_default_material_categories.sql","477EF15D30194CF55249CBD20BA207B23AA45C1512285D6D473397466773429C"
"h2","sql","210","V210__drop_obsolete_deleted_tokens.sql","5004E89AA9AA1C7970FDF0A15E99F43A30B17D00AF50004EF71572E25038042F"
"h2","sql","211","V211__add_stock_transfer_posting.sql","151838DB6C40A0D6BCEA4F60F176FC79E906C0985FE855BB2661809C95659279"
"h2","sql","212","V212__create_document_generation_core.sql","3298AB2F76474F1D45CF934FB4DCF85C6B3A365B20D14F318F32EB9F2A11997E"
"h2","sql","213","V213__cost_subject_v2_closed_loop.sql","00044D1EECAB71298C02E6B5FB4A38949CA537235DD439F65BF7521B95DD3673"
"h2","sql","214","V214__remove_legacy_cost_subjects.sql","0A7CEEE25D3EDF87C2D07098A4799957FBD780B260FE6B5B0E6BB8C438B08616"
"h2","sql","215","V215__document_cost_subject_v2_schema.sql","6B9A10F7FA31BC9C7C248B96AAB4B4881D2880D0824D99B12066030919A19288"
"mysql","sql","1","V1__init_system_tables.sql","E67DF2528575A47BCCE305783239FA7BF2FBE2D4A0345FB0B2BAFC42E3CF9FFC"
"mysql","sql","2","V2__init_project_partner_contract.sql","CFE37BAF92C3A1547DC757B7809018C977D898AA84B1BE0BE0C364693CFA2F14"
"mysql","sql","3","V3__init_workflow_tables.sql","A609503A1B1AD76B65ACDAD5AA399C3084D5E430697541452CCC9413446B5DC9"
"mysql","sql","4","V4__init_cost_payment_tables.sql","7CFB8A19A25C15124F69DF958A75C086AFD6F30D339951DB37F4CDE71C348572"
"mysql","sql","5","V5__init_dict_data.sql","057033936E16A41E4170C426855D3EA3AE4E76DAA9D015FF40CB2B49AAE0FA66"
"mysql","sql","6","V6__init_demo_data.sql","F2753282D8F1AEA72F674985E51FD516535BB364AA5CB7062FF5A1B940D5528A"
"mysql","sql","7","V7__init_file_tables.sql","510975FD3B10E0301BFE657FE9314AD97D43BD79654260ABCD44ADDD980699C3"
"mysql","sql","8","V8__add_missing_indexes.sql","5FCAAC2B449E7657CF6D358C37BB116F23043E38CA32F603F820C66C895C8A20"
"mysql","sql","9","V9__init_contract_approval_template.sql","8BE38352C9868C5695EF44E5C5D180EF6934A485FDB90571E6062DE11A512AF8"
"mysql","sql","10","V10__add_missing_audit_columns.sql","B5163E1AC76F375A52DFE42CE1C8DC29A68049ACC4621D1D9EB110E66B3D0C80"
"mysql","sql","11","V11__fix_sys_menu_audit_columns.sql","D648DEBAA959BAF52EA1CB169A4EC22031E6388C819AFD09CEBF22230C687BC4"
"mysql","sql","12","V12__init_phase2_tables.sql","A8FC39DCC7FDEDB35F541A66C0E8725176EF6641E93B597F2FCBD8DF452D2370"
"mysql","sql","13","V13__init_purchase_approval_template.sql","D7B73089B72E4C77C9C6AB1DC09E75D930F98EA73BF498E777EF463022449B01"
"mysql","sql","14","V14__init_material_receipt_approval_template.sql","48D61793CF69F65B597AD1A9CF9BA95AC92837C3C51199281FE48F005265B0FC"
"mysql","sql","15","V15__init_sub_measure_approval_template.sql","314A04521379D779C1E841397E9A2A269BB105CCC8C437484D9E28E249C60C28"
"mysql","sql","16","V16__init_payment_approval_template.sql","8289BDFB325FAAA9C99E7E69EC797397E88423ECC97B76CE4065F0B4BDCA3B40"
"mysql","sql","17","V17__init_variation_approval_template.sql","2094F9DE00539353581537D5CF11634B93B1AE7250524B18356311A6E472A826"
"mysql","sql","18","V18__add_contract_paid_amount.sql","4010BADC0B297E2FD3B2FD6521EADDE3A4C22DEFB187738601F23001BE99C8A7"
"mysql","sql","19","V19__add_remark_to_pay_application.sql","6443E45B80DB77A846E6BB43E342AF9372F3AC95F02749E79F373DEA2CA2E6B4"
"mysql","sql","20","V20__add_contract_cost_generated_flag.sql","58D52F08D3C95E261B352F3D89289EEE89271F317BBDC9951A0A6F68CCDBB094"
"mysql","sql","21","V21__add_cost_subject_audit_columns.sql","78A092A28996D479F16FD84340993862E56079B26D48E5EF7AF78E6F72DB69F5"
"mysql","sql","22","V22__init_cost_target_tables.sql","CAE45B9F3776CFBD0C27550D07BFB27FA2FAB00F25BF90D99E6112AE451609DC"
"mysql","sql","23","V23__init_contract_change_table.sql","8DDE6311E49EC2A63A8256AAD40104F3E0C8BB55BA0928518947AADA181F814A"
"mysql","sql","24","V24__enhance_settlement_alert_summary.sql","8E6F53D7C6FB707597C962F7DC88BA9E2142A22477B377CC1B4C0D4E2FE4BAEA"
"mysql","sql","25","V25__backfill_cost_subject_id.sql","7B10195C94322E2144D956D0183C1BB630456579EF0E2BB7FF1CBA46AD35F45B"
"mysql","sql","26","V26__add_cost_target_id_to_cost_summary.sql","D48A7DBD20AB595EE32165A8E035BEE71CEFD68C6534C3F307D1382DE66BDF8E"
"mysql","sql","27","V27__fix_dynamic_cost_formula_backfill.sql","A53B0E73B39E0471C7A6E08331732490327DB02BB9FA804688F4DB56343DF678"
"mysql","sql","28","V28__init_contract_change_approval_template.sql","BDD99BCDAB53BCC1995D780DF8AAD67E8BA1DBB9ABA4FA6B808502F658BFC448"
"mysql","sql","29","V29__init_settlement_approval_template.sql","0F5A116BCB972390F12EC11BD41F2FA1AF037D94A97DA83917C949C6C5934CDF"
"mysql","sql","30","V30__init_cost_target_approval_template.sql","778494A458DC3E4AF5111AE9A55A798F46AC3F5375F6ACC50D069A25E1D91C6C"
"mysql","sql","31","V31__fix_business_summary_json_type.sql","2E58B09B3B055F5EE306CAC9C5E90B91151F700261BA003CBFC143A77EC2B5C9"
"mysql","sql","32","V32__add_submit_permissions.sql","4589FF82EA9A884B5EE162832633EE9DC743942E1B4704FC5BF2C4D3E7B7F697"
"mysql","sql","33","V33__init_org_tables.sql","7985EAC47582096C917D20BF98035E79D7E8EB234230245DD94689720DAB6F3D"
"mysql","sql","34","V34__add_project_member_and_user_org.sql","78FFD116DA01014B1355775FBB963D8A35A1DA189FDF7B51C895CBAE89906568"
"mysql","sql","35","V35__init_inventory_tables.sql","E4873C5FD9930CF4DA58ED4A99BF0EEC609BE2303438E7B7FC0D57C9F6274F90"
"mysql","sql","36","V36__init_invoice_table.sql","11676F216E387F4E24DE6BB3FEB8AA465F1A7D9751C3E9D8EC422A8960E0B300"
"mysql","sql","37","V37__init_notification_table.sql","BDAC54E9F4E893957CE37F5699C1C6C75C570D86667BFD7203DBC57468FB09CC"
"mysql","sql","38","V38__init_workflow_cc_table.sql","A63C43D048496C9A6F0FC322672936A09E4A00656206C74104AB55DEBEBB81A2"
"mysql","sql","39","V39__init_phase4_menu_perms.sql","B089C68E909EDCAAB24649C7B310A371F19BF3E1961FA928865B52EEEEE03168"
"mysql","sql","40","V40__fix_phase4_permission_codes.sql","04DA13708DA47A5ECE8CE609F0C6925A2BB8D7E78A3705368693B855DA68FAEA"
"mysql","sql","41","V41__fix_legacy_permission_codes.sql","2731F18A5CA333F4AB6AF3003727B92D68D83ED59A1B3A606D904EE7074FA360"
"mysql","sql","42","V42__seed_material_warehouse_cost_subject.sql","01008FD842C9088CE52003701831B0B3D7706DECF87825B9991C166055804E21"
"mysql","sql","43","V43__add_alert_contract_id.sql","5E0393EA4E17E9E0D8376709FDE1EF92DB233B268DFD0186BE57D04608317003"
"mysql","sql","44","V44__add_workflow_action_permissions.sql","0513586F7BFA3E5CAB6F5F5A3594FFFF8B298E7FA46A5899BD0952AC998F2AE6"
"mysql","sql","45","V45__unify_audit_columns.sql","CD589F86A69BB749852274EFE189C4E766749FADFB613DF9055B07C59FB82257"
"mysql","sql","46","V46__add_purchase_item_material_index.sql","1428E8371D2AA9F929B2B0C9D2AB579C93C4A4A87C77B247EA1433CDA8DDF068"
"mysql","sql","47","V47__add_user_preference.sql","FE502C7231C33675DE2339D3D079DE314A9FA408F57EDDFCBA949104E40D6151"
"mysql","sql","48","V48__add_invoice_seller_buyer.sql","89090AAD9A033246A875CC8378BBC3333C61DAAD2BC51F7B8250F1169E57CD9D"
"mysql","sql","49","V49__add_seller_tax_no.sql","121FCBB7DFE838D47ED99C377191D96946D37A85834B9B0AE1BD765169E3C7E6"
"mysql","sql","50","V50__fix_invoice_unique_with_deleted_flag.sql","6E13851E889F2E10FAF9035A4BF66B5E71264751F4A7902F922A314C2053B2AC"
"mysql","sql","51","V51__fix_project_unique_with_deleted_flag.sql","FD01222E4F2F452CFF703E6EFDABAAE300A4EF28DE1DB98FE4ED7FDDEE127E90"
"mysql","sql","52","V52__add_settlement_contract_unique.sql","7FFE5E1792842E9C88C98AAD1C8680DD1FBC7FDC99DBC97DBEF2CBBA9F231B4A"
"mysql","sql","53","V53__fix_seed_role_permissions.sql","BA8D7DA3461F9FA927D95A823515821A9A55C8D8ED9B05AC90FC0717B0C0D062"
"mysql","sql","54","V54__refactor_contract_party_fields.sql","82273CC17F03DF5623192F77183A42E58DE0D27F87AC9657B0854F2569526AE9"
"mysql","sql","55","V55__seed_partner_cost_subject_dict.sql","230A4141F6A55007935E82844E70A7CA3705561120A17630C9BA17514A5B9049"
"mysql","sql","56","V56__seed_contract_approval_template.sql","ED4A8EFCE9B9CDB70B8951D56F4BE776B557CBB02845EE0789C4C8558922FBA9"
"mysql","sql","57","V57__normalize_contract_approval_template.sql","034E70398DE873BBD910AD63E991881CC0F03244F927661DA27D480E449C8F0A"
"mysql","sql","58","V58__fix_cost_subject_unique_with_deleted_flag.sql","03FC6DB8D6CC6E8E6A9537833442D60EF64BFA40AD4A17A95C5CC92C64A05B35"
"mysql","sql","59","V59__repair_variation_approval_template.sql","9560D1028C6F83D566B273B3E26EECE70FEEDDBD9736E1D4343297EE55B08C47"
"mysql","sql","60","V60__reorganize_navigation_menu.sql","87F105BB37A233355251525BDB64144BD5822F7A7414747F2A83EC15725A4282"
"mysql","sql","61","V61__add_company_id_to_org_position.sql","5F45FE4E420AD0DDCE9F19CD08BCD03FCF50FC468FFA5F8C84E73D6DA32687E6"
"mysql","sql","62","V62__add_department_id_to_org_position.sql","D1E73F5F389607BD1D9D1BC3C73507275409096BFED0E604FF5C4244917753B5"
"mysql","sql","63","V63__seed_purchase_order_template.sql","EFD555E0F2A12E4443D7EF89BC770BABAECBB62BD82A0963A631917E575CF319"
"mysql","sql","64","V64__seed_material_receipt_template.sql","39101ECFC3CA5E7A1F6758B87B54407937E8B908A77A987ABFAF28FB29380ABB"
"mysql","sql","65","V65__seed_sub_measure_template.sql","58D2FFEB87D1CA4F7F0B925D0A3D2BC13866D82BF0637FB5A3FD228F47C8F5EB"
"mysql","sql","66","V66__seed_payment_template.sql","3B2BD005EE71BFDFBAB4ABAFDB97F2BF90BB59D31DC858F3DEFFE1ED0714CAB0"
"mysql","sql","67","V67__seed_contract_change_template.sql","F72B838B7EC5D9C04F397AE911DB3C565F087A8181E656B7BB5F42246388859F"
"mysql","sql","68","V68__seed_settlement_template.sql","FA5A77CD698BCE585120350D49C62DABCBAB0E1E6994BDAD200B2C2E8E98C49B"
"mysql","sql","69","V69__seed_cost_target_template.sql","74EF8A85ED343CFB40FA169B2CD5D17F76146A93A608B530BEAE4266E5ECAB9A"
"mysql","sql","70","V70__seed_purchase_request_template.sql","3CB55BDEA950FACD8860A58E874CEE645D9A268D2902AB29A2EC498EC8C08A3A"
"mysql","sql","71","V71__repair_missing_approval_templates.sql","7853692C7D6E3FE0D77313CC2B33B682E642D21F6B1E5D2D6E5DE73F0AA7ED28"
"mysql","sql","72","V72__add_contract_id_to_purchase_request.sql","365D9A64F1A27772DBF78A9263519114349E49E8456FE99AADDDF63CAFD499CC"
"mysql","sql","73","V73__drop_contract_warranty_columns.sql","76C3B5B3F17F9DE7C25B4A183BA9C81CF430DFB6086F54A5B44EF5FA721A0F53"
"mysql","sql","74","V74__add_pay_record_external_txn_no.sql","C9B59C615AE56E8A778EDDEFDF0FC28BE14CFBB6B036BF351EB5A35636BC60C6"
"mysql","sql","75","V75__soft_delete_safe_unique_constraints.sql","BD536AFFD779D55DD55FAE0353AAECAF9CB36E58FA73E5242407BF5999374EA2"
"mysql","sql","76","V76__fix_pay_record_external_txn_no_unique.sql","863A707D4B992A0823A79205AE45D91B5B07B3A7006D4E1305B11300DBBC2B37"
"mysql","sql","77","V77__extend_cost_subject_add_account_category.sql","3F76688A015FAB14D97246D7D20C5A8E026950AF1C150A83633BC47521F2010E"
"mysql","sql","78","V78__seed_standard_cost_revenue_subjects.sql","B734BD8BAF7D5A1132C60186F052D3AC1E337B6517C6E667C1313A0A56DAEC0C"
"mysql","sql","79","V79__init_contract_revenue.sql","D5AB460121A347BA9D182ECEFFD97508B409DF8C45B3FDDF3A0F37DF18F83C47"
"mysql","sql","80","V80__init_bid_cost_and_overhead.sql","70B45F1BCB7A3BE6DDA7F233BAE053942FCACB16B488B0ACAF0EB7D3CC57B73B"
"mysql","sql","81","V81__init_accounting_entry.sql","9D08AD42737B2406BDC6E53A1E6E64FD77C558C2F7F94DEBCF2022719F66547E"
"mysql","sql","82","V82__fix_mat_stock_unique_with_deleted_flag.sql","A237D75BD8647537882F0ACF8D085775058A4E8E2DD5755E39DC92D3C9DD7727"
"mysql","sql","84","V84__add_role_level.sql","94300A9689AC6CBA02AF44A2A6F88898FBA8F61CC43272AC0AB5DC41F0C24E8E"
"mysql","sql","85","V85__remove_default_admin.sql","068C8364A767BCA76834E41BE8D6E6ABC8DA4F7A7E2AD39565B2C37977704B26"
"mysql","sql","86","V86__fix_dict_status_consistent.sql","283DA231AEF38F31649660A2C755B56650358926FC9B0672571DBAA5F22B790F"
"mysql","sql","87","V87__accounting_entry_constraints.sql","7863BD9311529930DBCD8B63E42EC8DA53A0E303B92F69C8ACCCB2ABBF64C926"
"mysql","sql","88","V88__soft_delete_token_based_unique.sql","B8F3355780CCC39E3A7EE293FD57857BB64F7EBB54B19E38832362EB406F102C"
"mysql","sql","89","V89__fix_v78_seed_subjects.sql","A89D7CF4E6DE683CBDDA008A9A181AD4427790A45D8DB89DBE2E380517C008BF"
"mysql","sql","90","V90__create_operation_audit_log.sql","6EC614FA0030B14E6B6FEA25559F8D78BDD6A04561CD2864C168D7A4B99C853E"
"mysql","sql","92","V92__backfill_contract_revenue_subject_600101.sql","BDAA385EFE849781760BA058092DA4241F9026205C15CBE657F36BCB267C5D1B"
"mysql","sql","93","V93__add_sub_task_id_to_sub_measure.sql","9E9E1E090CF0808A1A6B1CF2CC62F7D24623A757C708C5E931673843A7AEF8AF"
"mysql","sql","94","V94__create_mat_requisition.sql","1F2B893226AB67C9AFDD33BBBB18E43F2DDBD0AFE8EDA33F9E56A6299F662589"
"mysql","sql","95","V95__move_approval_process_to_data_center.sql","5CF7407D685B848E40229597C0F29404A28F100876ED8B3F5ACF1FDA9C8EA6F5"
"mysql","sql","96","V96__add_phase2_dashboard_permissions.sql","F8F142B18D78A809AE766D6DD503FD15366AEB5712516A838AA3A84DF86BE11B"
"mysql","sql","97","V97__seed_phase2_dashboard_roles.sql","4229940F20924C0996922761DF9F0FEECFAD60938E493DD8F1C8820824A870F2"
"mysql","sql","98","V98__seed_dashboard_phase2_demo_data.sql","AC056B6FDAB1654ECC102535BE86D16D6126C0FA57632E488C14D289B9500619"
"mysql","sql","99","V99__init_chief_engineer_tech_domain.sql","B8EBD7A697F8A85C744DC6AE7676A2EC77000512BD5B056A38AB23A4393F8550"
"mysql","sql","100","V100__seed_chief_engineer_demo_data.sql","8DCA07FBA48DA2EBD8E9B6BD6E631DA20B893507EA70ECB709AA680E14F29BEF"
"mysql","sql","101","V101__seed_purchase_dashboard_multi_row_demo_data.sql","28FDC251FB889DF125004A320150F347AD02D735CD302F5AACE7D357696D346E"
"mysql","sql","102","V102__seed_project_manager_dashboard_demo_data.sql","A281EA4F9A106E1D796E29DD4F9BBAAA2DB1DD7445EB868EA96610B0BC7ACA66"
"mysql","sql","103","V103__seed_chief_engineer_today_due_demo_data.sql","E8EFD2B7D9E31E44B8613AF23E155426A998BD212746BB9A820B55E5FDCA05AD"
"mysql","sql","104","V104__seed_purchase_orders_overflow_demo_data.sql","6EB6FBD29F1B58D506CF6FFE2A294A9E0C20F4F930B9E13461945EE5F248D6F4"
"mysql","sql","105","V105__seed_dashboard_realistic_demo_distribution.sql","A0766E3DC140D9CEC79492A86C83FD899C6C8DEE529B972FC94F3FD579E63CD6"
"mysql","sql","106","V106__seed_approval_workflow_closure_demo_data.sql","A65147804B14F9A186140BEB67A0B6B7DA1585C1BE944B82F210E2C90137FAEE"
"mysql","sql","107","V107__seed_approval_workflow_reject_demo_data.sql","35D15E80CD78F49436BA135217A3B89D3CD457BD3758498ECEE031E0913C6707"
"mysql","sql","108","V108__seed_workflow_mine_enhancement_demo_data.sql","73B8C937AA3D4BAFA34583162E8CDDB250194B8731C03AD56E534642C63FED40"
"mysql","sql","109","V109__seed_workflow_cc_demo_data.sql","C46AE13730FC99A0E3F9A269A9802928FB0B66DA6473AF204B0D37DA1ABB6DBC"
"mysql","sql","110","V110__seed_approval_permission_matrix_demo_accounts.sql","DC3E3A200BD475AF6D14BAB947CF63580712241DF9551D3622EC3B780105F54C"
"mysql","sql","111","V111__repair_approval_permission_matrix_workflow_only_samples.sql","505460956B85693F0A6DE603E48766FD67DC0161814FD47867A8BD04E2F8D771"
"mysql","sql","112","V112__create_role_menu_audit_snapshot.sql","793B63C28E314EE96B6E2A0EFA9491C51F86D0A2570AA7A54BBCC78BC681D55F"
"mysql","sql","113","V113__clear_notification_list_legacy_perm.sql","28E57518685ACB7AA2FC7E20AEFCE8A4FB9F870D751F088B08E1F3D34B7B2D99"
"mysql","sql","114","V114__clear_partner_list_legacy_perm.sql","29071289975E33D897EB4D0EBE46A580D5F6B98355B3C392FC0ECF96C225EA21"
"mysql","sql","115","V115__clear_contract_list_legacy_perm.sql","CF7E51E736865AC810BCB31A9C049C9F77C8239693B877D1964BF0E4F288CA8C"
"mysql","sql","116","V116__add_audit_recommended_indexes.sql","F9F34EECC122F007DCA070D4B4D0C12E31A42FB48E6E02FE014D85AC920A3D7B"
"mysql","sql","117","V117__add_purchase_order_item_optimistic_lock.sql","EA1B788EA941C94A297BCA728F6B783C8E959100B04E04563935F12300C3703A"
"mysql","sql","118","V118__add_alert_domain_source_fields.sql","BDF680256FDB6377D356DCB436D34B0C24D5C6667734E301A02FFB445BC44F64"
"mysql","sql","119","V119__backfill_alert_domain.sql","9A73BFAE20EF023472D4C3D7C4889E75EA0D0B5122B3B4F0699F1826CF2C5D04"
"mysql","sql","120","V120__seed_alert_center_demo_accounts.sql","5DE76231A2E8C18C92E9ED001570EEEE309FAEC1050A9226E6BB0512901A31C9"
"mysql","sql","121","V121__alert_rule_governance.sql","CE23648319AC90BA31674478332F73A2494762CDD4F2995C659E6D9E51D99AA5"
"mysql","sql","122","V122__create_alert_notification_send_record.sql","D5D2375A10775A84614CBAB4552A1EA7168EA0136FC502CCAF08FEA630464099"
"mysql","sql","123","V123__grant_project_manager_alert_list_menu.sql","4F8A52A89F2325789441BD1920186A6E51689F841E418701726F2CB1FDEB2E92"
"mysql","sql","124","V124__add_version_to_ct_contract.sql","7F457466A27CCB74DE0C4C19E60E7943032D4F0C665FC6C8C40F08F5A390644E"
"mysql","sql","125","V125__add_missing_dict_types.sql","138DE2EFFCB4159A7937FAF699413FA7325B4F2120143AE2F7146CA9715AC9D7"
"mysql","sql","126","V126__repair_sub_measure_approval_template_project_role.sql","917961108511D3F07289A95A3776A31648E89E977DAAA2F0B67C92EF9B7E425D"
"mysql","sql","127","V127__seed_material_requisition_template.sql","658C35DACDA309D3B37EFB42FC80C4024196951DAAB6DEE97D1A7A0C8894EF56"
"mysql","sql","128","V128__p01_minimal_permission_fix_pack.sql","AA2C80BDC578573D798E211D46A1162309DCB7BB8CBF1382387EBB9ED87CAF20"
"mysql","sql","129","V129__clear_high_risk_db_only_permissions.sql","0FA487ED000694B9594F096CC01E66D96502EF798D1FD8DFFB23EBD68B5C4265"
"mysql","sql","130","V130__add_purchase_request_code_unique.sql","5DD09A49B00F8B043B8B4BE124B1D04220F370CB59C1495DBA79FC954A505D26"
"mysql","sql","131","V131__fix_mat_stock_active_unique_constraint.sql","533879EC263B889B30B80F82410066B777382CBCAF756F8E2A2A483036D30DFE"
"mysql","sql","132","V132__seed_project_type_and_purchase_request_status.sql","FA87E084015C6A188F602A1EADC1473EBE3A40A81E31315D088FAD681BB2DF45"
"mysql","sql","133","V133__register_requisition_add_permission.sql","50E5054007E54725DCC45392AFCCA9DA0CE5162E2CBABF47CD7D14F657FF23BF"
"mysql","sql","134","V134__seed_material_requisition_cost_ledger_demo.sql","BE1AFB66FAAEEDBC5DC12329CBA68E38C1118DAC1CA9A4EA13953A4FEECA2267"
"mysql","sql","135","V135__fix_finance_readonly_payment_settlement_permissions.sql","737A50FCEB2774948CF8FCA24532B5EF9676144E2E58A8442BB633C37F6CB847"
"mysql","sql","136","V136__add_cash_journal_and_closure_alert.sql","5B0135D055084AFB0CDFC1458815791D2E24B882F45B152FC4C53B0BC8897C1C"
"mysql","sql","137","V137__grant_purchase_manager_replenishment_permissions.sql","8AA59283BB9CE1A24A468D873794C6E0EF935829F6C83A45453598A41666AB3C"
"mysql","sql","138","V138__grant_purchase_manager_replenishment_reference_permissions.sql","DE721138FE263CF6F96A4A80808BE55D8CFE01D2A7C751220CAEC4EFE5D70E3C"
"mysql","sql","139","V139__grant_purchase_manager_purchase_request_read_permissions.sql","57FD1425464B55FEF8E5DEA9C4FAD46DB8A46E0E024A127C534DB5D2E61225E1"
"mysql","sql","140","V140__add_sub_task_predecessor.sql","5D2D4227C57F4BC3E31535410B4DF95E720D2FEC05EDD4FA8EFA1871E7254D67"
"mysql","sql","141","V141__create_site_daily_log.sql","AD3FF590E31DADC2CDBAC3C18597E246ED109D84D21FD4B37ECE70ADDE86FABB"
"mysql","sql","142","V142__add_stock_safety_threshold.sql","77A3422D5882DB75BFB793A721505A5EDC071C484864EE83A16A2A40DAF3D324"
"mysql","sql","143","V143__add_site_daily_weather_headcount.sql","96B3751B34E2E5D9AA8B15877727D82391C7756DC6CD1D991F51B042D4CE99B9"
"mysql","sql","144","V144__add_stock_replenishment_target.sql","474FADBC1F68E5BDFC65127E1C9ECE1380AC8FA411E30E08B2CEA183F2301B96"
"mysql","sql","145","V145__add_stock_replenishment_lead_days.sql","C2B563B4F84FAAE2BBEB3F41042BC136C1210B0B310F49DD28971E2339EB78DC"
"mysql","sql","146","V146__split_alert_evaluate_permission.sql","97BCEF89A23F8CE5520DACDD65D895D1D6E75003FA73BF3CEE71BD7B7F417C33"
"mysql","sql","147","V147__add_file_virus_scan_status.sql","361B5C6E7574A6B94FD055F5E457046D261222A3C64333FE190CC3DC35C1790C"
"mysql","sql","148","V148__add_accounting_entry_menu.sql","286C206D2AA8593461FD71C5A267C60C12C26EF56520E644808FBE71EAD51017"
"mysql","sql","149","V149__create_overhead_allocation_run.sql","4FC18380FA9200BC8A456719555331F675BDB8B1A38CF3664B85B518A7DDA8B3"
"mysql","sql","150","V150__add_bid_cost_query_menu.sql","E77454B2CA70A7ED8813B65780E339BC622429EE9738E56F66084304F07F9A4A"
"mysql","sql","151","V151__add_bid_cost_create_permission.sql","D31F2A8B4E072C8FE12E5BE719C41407AAC5833CED037E984562FFEA924B12EB"
"mysql","sql","152","V152__add_bid_cost_edit_permission.sql","E494D9171997DB4B404E1EDDB19317CCEF117CE7C6E2D7C61AD1FE4CD2897A1A"
"mysql","sql","153","V153__add_bid_cost_delete_permission.sql","FB145767A4CE0FEAB5DE4FBF0A909013B6F1A199553CB078EA9F19847E193375"
"mysql","sql","154","V154__add_bid_cost_status_permission.sql","7D71C2D725A8B910D927C2B5073EFC1F0BBD5421742489F347E19093C176ACD0"
"mysql","sql","155","V155__add_partner_default_lead_days.sql","F3864CF78F152C0994DE0CBC7ADC17082D5492374525CC287DF873EEB7EF6089"
"mysql","sql","156","V156__version_settlement_amount_formula.sql","BB01C637838D3FEDAD3859E53C1D4501BC9E4AFF0E34B956A5AEF94A099E86EE"
"mysql","sql","157","V157__create_project_budget_core.sql","DCDE16FEC06E38AC66D0BD417B9C93F1AD6AA627053BF9720CC053F977D90839"
"mysql","sql","158","V158__seed_project_budget_workflow_permissions.sql","7124978D56974361194EB16A6754FF45C1F0572D61B04C15A5FD563F0C0A4B55"
"mysql","sql","159","V159__create_expense_and_payment_source.sql","CF122856E52FA3821533AA6DAF2B55A24DC3D5EC9215887CFD48FDBDDC4869FA"
"mysql","sql","160","V160__seed_expense_workflow_permissions.sql","8D939B7EA3BDB75FED266B424420D5A712318E73D9044FBF4499F9A255608481"
"mysql","sql","161","V161__version_payment_application_integrity.sql","E1F90F87843D30119BBAF59341FC4890297CF5D6346B8BDA35DD7F5B59CCE55A"
"mysql","sql","162","V162__enhance_payment_fact_and_cash_trace.sql","67EF0428A18399C84E5028565E9630EE85225C73A7E55BBE05D35251CA106D85"
"mysql","sql","163","V163__invoice_allocation_and_document_type.sql","04C68854FF16B12FAD9D4AEFFA23D33C25A85B4690E84F57403AD838F9F4B928"
"mysql","sql","164","V164__payment_accounting_entry_trace.sql","66A4510C74A02CA7F158D390B32E75E55006A46E13D14FED16D7230A0232BD5B"
"mysql","sql","165","V165__seed_payment_trace_permission.sql","D4DE490D9F03385F858CAC52FDDBD0FB5FEF63E3D4DF6B967DAFC0E4431532BB"
"mysql","sql","166","V166__enforce_payment_chain_foreign_keys.sql","8C18950F1E75BE61983427A484FCE317DBDF6F2F9BEC10199E9F26CB6CC24072"
"mysql","sql","167","V167__prevent_cross_domain_business_matter_duplicates.sql","E14F2F58D95264E31B20BEAA8C86D25A7F7BD3E425390DFE99D1852642A2CA26"
"mysql","sql","168","V168__finance_operations_p1.sql","65620ECBFC53A0413ABAAD1575F76AE638F4043E9C19E1292C7761501A77734A"
"mysql","sql","169","V169__finance_analytics_p2.sql","8F9DC61FA306F5CDB81383CA0E10B79869F7C6003513C67DBEA6E2B2C76CE332"
"mysql","sql","170","V170__finance_integration_p3.sql","D7217532EE6B47D29E7804CA66D5ACF118E71295011984F655CCF2E13FBBF8BB"
"mysql","sql","171","V171__revenue_collection_closed_loop_core.sql","4DD582D48EA22451C0FCA437A0C5FB8406583C7A8F0D1E19EFC05C0D9945B51F"
"mysql","sql","172","V172__revenue_collection_operations_p1.sql","190A9D3F568907AA98FCAAE9EE38F5ADCB69D0724410916C3794CB4AF731CB9E"
"mysql","sql","173","V173__revenue_collection_analytics_p2.sql","0E4B10D685E858FBFA755E493D9A97073824F0C70DC70593E737B0753BC92A08"
"mysql","sql","174","V174__revenue_collection_integration_p3.sql","AE355BB5DB7E61FD8867ECA4191B6BA7EDFBF2BE55107B6895CE1CCC80093B47"
"mysql","sql","175","V175__production_measurement_owner_settlement_core.sql","A0E7B10922ECC8FB39BE5E70A8C95427EE8DEBFCC3909B0380BE0E579A96553A"
"mysql","sql","176","V176__link_purchase_order_item_to_request_item.sql","447F1B4391236CD242C091757A8183C44D7E7614B6DCFB8B204B3E2800C33256"
"mysql","sql","177","V177__add_stock_transaction_source_line.sql","D5A03FE8F62CECA01AFD574597D2507AEFEE523FA616BEA9D70E6076E2CC5C83"
"mysql","sql","178","V178__add_requisition_stock_out_audit.sql","9FDB58651987CA82B12E88C29C25188D541AAF30E4E0EBA96BB0D8E4B6A966F1"
"mysql","sql","179","V179__add_inventory_valuation_and_receipt_mode.sql","EE97D732997AB0985E35E91B8F67288A7F084AF78719706292AF924AD3D29402"
"mysql","sql","180","V180__create_material_return_tables.sql","2A0BA60AB1F352EDE74B2A698044E2B62BEA7240CE4D89A72B2FBEF62A784815"
"mysql","sql","181","V181__procurement_integrity_and_commercial_terms.sql","D7CA3CC639D251FAC18D69F9B29D9516B038C3B8C9A765316BDE68CA72951553"
"mysql","sql","183","V183__seed_procurement_return_permissions.sql","64C47A1DFB6F1DCD31C9BE176B25950F6F2DAED1BF094132D22A2B874DABCF2A"
"mysql","sql","184","V184__subcontract_performance_settlement_payment_closed_loop.sql","653DEB0D7543DA81AB566987FBB28DCB812B7613A79C5733FA562C9D420702E8"
"mysql","sql","185","V185__project_schedule_performance_closed_loop.sql","8375C5385DF80D9261BC0A67244C348F866D42AE99656A22DBD92155F79BD63A"
"mysql","sql","186","V186__variation_claim_closed_loop.sql","568FD14BB106C31B5E7E8D2B185581EF487CFFA383245288E7A79600098942E0"
"mysql","sql","187","V187__target_cost_dynamic_profit_closed_loop.sql","AE591C7B0F0FFFAFE1E15CBFC59B315ECAF668F33854BE04352A1302F48EB21D"
"mysql","sql","188","V188__quality_safety_rectification_closed_loop.sql","0EEB7A22FA2A8512C750CAAE07D1D51E9BB5664A2337778BE584D74B35EB220F"
"mysql","sql","189","V189__supplier_sourcing_performance_closed_loop.sql","3241EE794A90F166DAB63B1972083BC54E5C8E744F460FD5EE0E004135C167F8"
"mysql","sql","190","V190__drawing_rfi_technical_scheme_closed_loop.sql","38E2CFCF359AD0A8B7F616FC266C28F7E248AAEAE67907865BE96EEDB1F05B1F"
"mysql","sql","191","V191__project_completion_closeout_closed_loop.sql","0D3E805DC064D404B15820DFE745462380E1C293587D16DD07D72EC2D8120216"
"mysql","sql","192","V192__financial_accounting_month_end_closed_loop.sql","399C9AA60E61DF47ECF797C4B7DFEC6F4924E29F0389F70C923487920193DE66"
"mysql","sql","193","V193__project_cash_forecast_closed_loop.sql","C9436C3739DAEF1EDF033B8C50038866DEBB4D2999327C8C3B0D2B8FCD2D1AF8"
"mysql","sql","194","V194__alert_notification_closed_loop.sql","D2C0D19F73E9A6B89E8D9353D5D7990A50D695C5E6460E9ECCE2944EBC99796F"
"mysql","sql","195","V195__repair_active_soft_delete_uniqueness.sql","ADA8D281528958BB8346250EEE713DA2173D8893AA92A1AAAC670EBE6C35FC68"
"mysql","sql","196","V196__normalize_cost_item_idempotency.sql","A1CFDFF5C9E4C7ED9D4563ADDCEAC35E6AE739C7F7BA6BFDF807EAF496DA5D7D"
"mysql","sql","197","V197__enforce_rbac_tenant_integrity.sql","5646F8644BA735B8411985466CD2587C823730F9E2E390D76783E5CB142E7B35"
"mysql","sql","198","V198__enforce_material_return_integrity.sql","964FF04FFFC5E51B2D7F025A21F7D2279D88FCFAFEDEAF71F773661FB9B9C141"
"mysql","sql","199","V199__add_material_return_reversal.sql","A51AEF19D36CE37D3DF2555FAAEEA7422CF86BF67F7CA730D5D96E92F6FC3C03"
"mysql","sql","200","V200__close_procurement_quality_return_loop.sql","C74BAB21478893FCC150DACA0B0D496B43D38F0D0F3CF0DB1DD70C7E48F5886F"
"mysql","sql","201","V201__close_bank_receipt_collection_loop.sql","D268E533373879A29A8B4782FD9E16B0CABC006BBACC94C5B1EA3A5FA98CDF24"
"mysql","sql","202","V202__make_approval_routing_authoritative.sql","D1A7CE5240B3D0540312EB8FDAC6F63FC6E73A01B739A92C93E7BFD4EBEFE298"
"mysql","sql","203","V203__add_explicit_user_position_relation.sql","60EBC27D7E614254A66D0A35A28DA0E3ECD79F976848B2A4CFF680DCFAED2DCF"
"mysql","sql","204","V204__close_project_approval_loop.sql","B25580E70E8BCDD9CC65A24F7CAA6F22492D18B3BA10745E062D4D5E424F6723"
"mysql","sql","205","V205__retire_duplicate_states_and_add_material_category.sql","FD33EF6AD75D947113D498179B1F8D9428865F2B5AAAA63FAB223E0C43D92E1A"
"mysql","sql","206","V206__validate_json_payloads.sql","8DC9A9EF54EB277AA0ACBCF6049D85671D2EECD13B848AB42CB5EC07BC3E03AB"
"mysql","sql","207","V207__add_type_registry_and_shared_observability_views.sql","BCE8C22899A15A40E2A72FD85E94DED5058226995461613995310210180A5123"
"mysql","sql","208","V208__unify_finance_alert_authority.sql","3F4BFEC8360F1CFF845C5CC6BB14467A5E9B4A2F4512133A8F5C6CD5F3D54561"
"mysql","sql","209","V209__backfill_default_material_categories.sql","C3C28A4D08F12A02F14F0A0BFE792036DD1BD561F45BD67636ADB6979022D499"
"mysql","sql","210","V210__drop_obsolete_deleted_tokens.sql","61540C0C79B97C469F9FE541769327068D4D1C0C1194C93F88B467E93B995FE8"
"mysql","sql","211","V211__add_stock_transfer_posting.sql","8DCCC346276200535399D2FB591F85DBE14441FF8AFB3A80C9B98C60944D779F"
"mysql","sql","212","V212__create_document_generation_core.sql","36B40F5F1A75DD11C19BB7FCD2C4A0426C88D8ABC07E41A565CCC6C57BF4C7A0"
"mysql","sql","213","V213__cost_subject_v2_closed_loop.sql","1C26C92FEA0326A8F868F7B4D197BAB17A30B6E407FEB1A16F005A8954C7A6B3"
"mysql","sql","214","V214__remove_legacy_cost_subjects.sql","D88303A25620D315B4E154DC088A74DE74A9121C651A73A932B6F542551DA274"
"mysql","sql","215","V215__document_cost_subject_v2_schema.sql","7FF9D8FEC76EA2150FC671FBC1D77E134A3F5635F34959F5B4388E6461769F5C"
